<?xml version="1.0" encoding="UTF-8"?>
<beans xmlns="http://www.springframework.org/schema/beans" 
    xmlns:xsi="http://www.w3.org/2001/XMLSchema-instance" 
    xmlns:security="http://www.springframework.org/schema/security"  
    xsi:schemaLocation="http://www.springframework.org/schema/beans 
    http://www.springframework.org/schema/beans/spring-beans.xsd 
    http://www.springframework.org/schema/security 
    http://www.springframework.org/schema/security/spring-security.xsd">


<security:http auto-config="true">

<security:intercept-url access="ROLE_ADMIN" pattern="/admin"/>

<security:intercept-url access="ROLE_USER" pattern="/user"/>

<security:form-login password-parameter="password" username-parameter="username" authentication-failure-url="/login?error" default-target-url="/" login-page="/login"/>

<security:logout logout-success-url="/login?logout"/>

<!-- enable csrf protection -->


<!-- <security:csrf/> -->


</security:http>


<security:authentication-manager>


<security:authentication-provider>


<security:user-service>

<security:user authorities="ROLE_ADMIN" password="admin" name="admin"/>

<security:user authorities="ROLE_USER" password="123" name="rahul"/>

<security:user authorities="ROLE_USER" password="123" name="vaibhav"/>

<security:user authorities="ROLE_USER" password="123" name="raj"/>

</security:user-service>

</security:authentication-provider>

</security:authentication-manager>

</beans>